Method,Accuracy,Precision,Recall,F1-Score
TF-IDF,0.6,0.5212062958068006,0.6,0.5536950516659278
Bag of Words,0.45714285714285713,0.4187391555812608,0.45714285714285713,0.38584030244014206
Word2Vec,0.5714285714285714,0.5104761904761905,0.5714285714285714,0.5277922077922078
GloVe,0.5857142857142857,0.5046992481203008,0.5857142857142857,0.5412035782054758
